<?xml version="1.0" encoding="UTF-8"?>
<con:soapui-project id="432d748f-b122-45d3-bcea-b7886c59d81e" activeEnvironment="Default" name="Project 2-REST" resourceRoot="${projectDir}" soapui-version="5.6.0" abortOnError="false" runType="SEQUENTIAL" xmlns:con="http://eviware.com/soapui/config"><con:settings/><con:interface xsi:type="con:RestService" id="d01ba9ad-2ac5-418e-8954-c05d5dc7732f" wadlVersion="http://wadl.dev.java.net/2009/02" name="http://rest-api.upskills.in" type="rest" xmlns:xsi="http://www.w3.org/2001/XMLSchema-instance"><con:settings/><con:definitionCache type="TEXT" rootPart=""/><con:endpoints><con:endpoint>http://rest-api.upskills.in</con:endpoint></con:endpoints><con:resource name="Login" path="/api/rest_admin/login" id="ec1662f3-9b3b-4ac9-a293-6635cd2ac741"><con:settings/><con:parameters/><con:method name="Login" id="b23a0ed7-bc75-4ae1-992a-c4ebc54e3daf" method="POST"><con:settings/><con:parameters/><con:representation type="REQUEST"><con:mediaType>application/json</con:mediaType><con:params/></con:representation><con:representation type="FAULT"><con:mediaType>application/json; charset=utf-8</con:mediaType><con:status>401 400</con:status><con:params/><con:element xmlns:log="http://rest-api.upskills.in/api/rest_admin/login">log:Fault</con:element></con:representation><con:representation type="RESPONSE"><con:mediaType>application/json; charset=utf-8</con:mediaType><con:status>200</con:status><con:params/><con:element xmlns:log="http://rest-api.upskills.in/api/rest_admin/login">log:Response</con:element></con:representation><con:request name="Login" id="7778914f-f6a2-4991-8aaf-fdc7e7f86952" mediaType="application/json" postQueryString="false"><con:settings><con:setting id="com.eviware.soapui.impl.wsdl.WsdlRequest@request-headers">&lt;entry key="Authorization" value="bearer 9399cffbb4d870e1ac876cda244be016b2b6b550" xmlns="http://eviware.com/soapui/config"/></con:setting></con:settings><con:endpoint>http://rest-api.upskills.in</con:endpoint><con:request>{
  "username": "upskills_admin",
  "password": "Talent4$$"
}</con:request><con:originalUri>http://rest-api.upskills.in/api/rest_admin/login</con:originalUri><con:credentials><con:authType>No Authorization</con:authType></con:credentials><con:jmsConfig JMSDeliveryMode="PERSISTENT"/><con:jmsPropertyConfig/><con:parameters/></con:request></con:method></con:resource></con:interface><con:interface xsi:type="con:RestService" id="258ee94f-b197-4096-92ca-cab5580ef7a9" wadlVersion="http://wadl.dev.java.net/2009/02" name="http://rest-api.upskills.in" type="rest" xmlns:xsi="http://www.w3.org/2001/XMLSchema-instance"><con:settings/><con:definitionCache type="TEXT" rootPart=""/><con:endpoints><con:endpoint>http://rest-api.upskills.in</con:endpoint></con:endpoints><con:resource name="Client_credentials" path="/api/rest_admin/oauth2/token/client_credentials" id="c3b421cf-4e7a-49b0-bc8b-9f0e9602f1ce"><con:settings/><con:parameters><con:parameter><con:name>grant_type</con:name><con:value/><con:style>QUERY</con:style><con:default/><con:description xsi:nil="true"/></con:parameter></con:parameters><con:method name="Client_credentials" id="e6367033-068f-4ae3-8b55-ddf647326492" method="POST"><con:settings/><con:parameters/><con:representation type="FAULT"><con:mediaType>application/json; charset=utf-8</con:mediaType><con:status>405 400</con:status><con:params/><con:element xmlns:cli="http://rest-api.upskills.in/api/rest_admin/oauth2/token/client_credentials">cli:Fault</con:element></con:representation><con:representation type="REQUEST"><con:mediaType>application/json</con:mediaType><con:params/></con:representation><con:representation type="RESPONSE"><con:mediaType>application/json; charset=utf-8</con:mediaType><con:status>200</con:status><con:params/><con:element xmlns:cli="http://rest-api.upskills.in/api/rest_admin/oauth2/token/client_credentials">cli:Response</con:element></con:representation><con:request name="GetAccessToken" id="5cb3037b-9816-4c35-a8ca-baf83d3a8646" mediaType="application/json" postQueryString="false"><con:settings><con:setting id="com.eviware.soapui.impl.wsdl.WsdlRequest@request-headers">&lt;entry key="Authorization" value="Basic dXBza2lsbHNfcmVzdF9hZG1pbl9vYXV0aF9jbGllbnQ6dXBza2lsbHNfcmVzdF9hZG1pbl9vYXV0aF9zZWNyZXQ=" xmlns="http://eviware.com/soapui/config"/></con:setting></con:settings><con:endpoint>http://rest-api.upskills.in</con:endpoint><con:request/><con:originalUri>http://rest-api.upskills.in/api/rest_admin/oauth2/token/client_credentials</con:originalUri><con:credentials><con:authType>No Authorization</con:authType></con:credentials><con:jmsConfig JMSDeliveryMode="PERSISTENT"/><con:jmsPropertyConfig/><con:parameters><entry key="grant_type" value="client_credentials" xmlns="http://eviware.com/soapui/config"/></con:parameters><con:parameterOrder><con:entry>grant_type</con:entry></con:parameterOrder></con:request></con:method></con:resource></con:interface><con:interface xsi:type="con:RestService" id="6d576a96-53ac-4f57-a893-39053064f7a8" wadlVersion="http://wadl.dev.java.net/2009/02" name="http://rest-api.upskills.in" type="rest" xmlns:xsi="http://www.w3.org/2001/XMLSchema-instance"><con:settings/><con:definitionCache type="TEXT" rootPart=""/><con:endpoints><con:endpoint>http://rest-api.upskills.in</con:endpoint></con:endpoints><con:resource name="Logout" path="/api/rest_admin/logout" id="3d628994-d6b6-4043-8027-57b39ba04195"><con:settings/><con:parameters/><con:method name="Logout" id="d83fc5e2-58c7-4200-bbea-e605f617a2a5" method="POST"><con:settings/><con:parameters/><con:representation type="REQUEST"><con:mediaType>application/json</con:mediaType><con:params/></con:representation><con:representation type="RESPONSE"><con:mediaType>application/json; charset=utf-8</con:mediaType><con:status>200</con:status><con:params/><con:element xmlns:log="http://rest-api.upskills.in/api/rest_admin/logout">log:Response</con:element></con:representation><con:request name="Logout" id="fad26197-f8aa-41e8-b482-af74af78c143" mediaType="application/json" postQueryString="false"><con:settings><con:setting id="com.eviware.soapui.impl.wsdl.WsdlRequest@request-headers">&lt;entry key="Authorization" value="bearer e836dc37f055f62d6f1f9ba45b7efa27f519410b" xmlns="http://eviware.com/soapui/config"/></con:setting></con:settings><con:endpoint>http://rest-api.upskills.in</con:endpoint><con:request/><con:originalUri>http://rest-api.upskills.in/api/rest_admin/logout</con:originalUri><con:credentials><con:authType>No Authorization</con:authType></con:credentials><con:jmsConfig JMSDeliveryMode="PERSISTENT"/><con:jmsPropertyConfig/><con:parameters/></con:request></con:method></con:resource></con:interface><con:interface xsi:type="con:RestService" id="19899cca-ddda-4529-a4ef-f24634c5a416" wadlVersion="http://wadl.dev.java.net/2009/02" name="http://rest-api.upskills.in" type="rest" xmlns:xsi="http://www.w3.org/2001/XMLSchema-instance"><con:settings/><con:definitionCache type="TEXT" rootPart=""/><con:endpoints><con:endpoint>http://rest-api.upskills.in</con:endpoint></con:endpoints><con:resource name="Categories" path="/api/rest_admin/categories" id="04886aec-8872-4e2e-9e66-6c048fd2aecc"><con:settings/><con:parameters/><con:method name="AddProductCategories" id="58528c43-4a5a-4dbb-b604-2533e2f09340" method="POST"><con:settings/><con:parameters/><con:representation type="RESPONSE"><con:mediaType>application/json; charset=utf-8</con:mediaType><con:status>200</con:status><con:params/><con:element xmlns:cat="http://rest-api.upskills.in/api/rest_admin/categories">cat:Response</con:element></con:representation><con:representation type="REQUEST"><con:mediaType>application/json</con:mediaType><con:params/></con:representation><con:representation type="FAULT"><con:mediaType>application/json; charset=utf-8</con:mediaType><con:status>403</con:status><con:params/><con:element xmlns:cat="http://rest-api.upskills.in/api/rest_admin/categories">cat:Fault</con:element></con:representation><con:request name="AddProductCategory" id="508434fd-8412-41ea-b46d-cc0eae35ffb8" mediaType="application/json" postQueryString="false"><con:settings><con:setting id="com.eviware.soapui.impl.wsdl.WsdlRequest@request-headers">&lt;entry key="Authorization" value="bearer 9399cffbb4d870e1ac876cda244be016b2b6b550" xmlns="http://eviware.com/soapui/config"/></con:setting></con:settings><con:endpoint>http://rest-api.upskills.in</con:endpoint><con:request>{
"category_description": [
    {
      "name": "Computers &amp; Accessories",
      "meta_title": "Computers &amp; Accessories",
      "description": "Description of the Computers &amp; Accessories"
    }
  ]
}</con:request><con:originalUri>http://rest-api.upskills.in/api/rest_admin/categories</con:originalUri><con:credentials><con:authType>No Authorization</con:authType></con:credentials><con:jmsConfig JMSDeliveryMode="PERSISTENT"/><con:jmsPropertyConfig/><con:parameters/></con:request></con:method></con:resource></con:interface><con:interface xsi:type="con:RestService" id="986472ee-f3a3-4236-9f33-75d821424f24" wadlVersion="http://wadl.dev.java.net/2009/02" name="http://rest-api.upskills.in" type="rest" xmlns:xsi="http://www.w3.org/2001/XMLSchema-instance"><con:settings/><con:definitionCache type="TEXT" rootPart=""/><con:endpoints><con:endpoint>http://rest-api.upskills.in</con:endpoint></con:endpoints><con:resource name="Categories" path="/api/rest_admin/categories" id="d526f41f-f4bf-49df-a66d-97100b39f194"><con:settings/><con:parameters/><con:method name="AddProductSubCategory" id="acff545e-3fd9-4530-ab5d-e512eae1c443" method="POST"><con:settings/><con:parameters/><con:representation type="FAULT"><con:mediaType>application/json; charset=utf-8</con:mediaType><con:status>401 400</con:status><con:params/><con:element xmlns:cat="http://rest-api.upskills.in/api/rest_admin/categories">cat:Fault</con:element></con:representation><con:representation type="REQUEST"><con:mediaType>application/json</con:mediaType><con:params/></con:representation><con:representation type="RESPONSE"><con:mediaType xsi:nil="true"/><con:status>0</con:status><con:params/><con:element>data</con:element></con:representation><con:representation type="RESPONSE"><con:mediaType>application/json; charset=utf-8</con:mediaType><con:status>200</con:status><con:params/><con:element xmlns:cat="http://rest-api.upskills.in/api/rest_admin/categories">cat:Response</con:element></con:representation><con:request name="AddProductSubCategory" id="69710b91-51c0-43ef-8ac9-9b99dba5e8a3" mediaType="application/json" postQueryString="false"><con:settings><con:setting id="com.eviware.soapui.impl.wsdl.WsdlRequest@request-headers">&lt;entry key="Authorization" value="bearer d216143cfed85ddc07728215ef1c306a78a43086" xmlns="http://eviware.com/soapui/config"/></con:setting></con:settings><con:endpoint>http://rest-api.upskills.in</con:endpoint><con:request>{
"parent_id": 2282,
"category_description": [
        {
      "name": "Laptops",
      "meta_title": "Laptops",
      "description": "Description of the Laptops"
    }
  ]
}</con:request><con:originalUri>http://rest-api.upskills.in/api/rest_admin/categories</con:originalUri><con:credentials><con:authType>No Authorization</con:authType></con:credentials><con:jmsConfig JMSDeliveryMode="PERSISTENT"/><con:jmsPropertyConfig/><con:parameters/></con:request></con:method></con:resource></con:interface><con:interface xsi:type="con:RestService" id="65cea932-b8f8-4f04-9825-d45fa1891075" wadlVersion="http://wadl.dev.java.net/2009/02" name="http://rest-api.upskills.in" type="rest" xmlns:xsi="http://www.w3.org/2001/XMLSchema-instance"><con:settings/><con:definitionCache/><con:endpoints><con:endpoint>http://rest-api.upskills.in</con:endpoint></con:endpoints><con:resource name="Products" path="/api/rest_admin/products" id="5104444c-75f4-40b6-9f87-66d845ed11ff"><con:settings/><con:parameters/><con:method name="AddProduct" id="6fec5390-1c4d-41b6-8d5e-f0a86634831b" method="POST"><con:settings/><con:parameters/><con:representation type="REQUEST"><con:mediaType>application/json</con:mediaType><con:params/></con:representation><con:representation type="FAULT"><con:mediaType>application/json; charset=utf-8</con:mediaType><con:status>400 401</con:status><con:params/><con:element xmlns:prod="http://rest-api.upskills.in/api/rest_admin/products">prod:Fault</con:element></con:representation><con:representation type="RESPONSE"><con:mediaType>application/json; charset=utf-8</con:mediaType><con:status>200</con:status><con:params/><con:element xmlns:prod="http://rest-api.upskills.in/api/rest_admin/products">prod:Response</con:element></con:representation><con:request name="AddProduct" id="e37695cb-a8bb-47f6-80ac-8eced1a61f90" mediaType="application/json" postQueryString="false"><con:settings><con:setting id="com.eviware.soapui.impl.wsdl.WsdlRequest@request-headers">&lt;entry key="Authorization" value="bearer 9399cffbb4d870e1ac876cda244be016b2b6b550" xmlns="http://eviware.com/soapui/config"/></con:setting></con:settings><con:endpoint>http://rest-api.upskills.in</con:endpoint><con:request>{
  "model": "demo model",
  "quantity": "300",
  "price": "44.00",
  "tax_class_id": "1",
  "manufacturer_id": "20",
  "sku": "demo sku",
  "product_seo_url": [
    {
      "keyword": "sudipta1-keyword3",
      "language_id": "1",
      "store_id": "0"
    }
  ],
  "status": "1",
  "points": 0,
  "reward": 0,
  "image": "",
  "other_images": [
    ""
  ],
  "shipping": "1",
  "stock_status_id": 0,
  "upc": "",
  "ean": "",
  "jan": "",
  "isbn": "",
  "mpn": "",
  "location": "",
  "date_available": "2017-05-12",
  "weight": 0,
  "weight_class_id": 0,
  "length": 0,
  "width": 0,
  "height": 0,
  "length_class_id": 0,
  "subtract": 0,
  "minimum": 0,
  "sort_order": "",
  "product_store": [
    "0"
  ],
  "product_related": [
    "34"
  ],
  "product_filter": [
    "34"
  ],
  "product_description": [
    {
      "language_id": "1",
      "name": "demo name",
      "description": "Description of the product",
      "meta_title": "Meta title of the product",
      "meta_description": "Meta description of the product",
      "meta_keyword": "demo, keyword, demo2",
      "tag": "Product's tag, comma separeted"
    }
  ],
  "product_category": [
    "2285"
  ],
  "product_special": [
    {
      "customer_group_id": "1",
      "price": "200",
      "priority": "1",
      "date_start": "2015-02-23",
      "date_end": "2019-02-23"
    }
  ],
  "product_discount": [
    {
      "name": "demo name",
      "customer_group_id": "1",
      "price": "200",
      "priority": "1",
      "quantity": "1",
      "date_start": "2015-02-23",
      "date_end": "2019-02-23"
    }
  ],
  "product_attribute": [
    {
      "attribute_id": "16",
      "product_attribute_description": [
        {
          "text": "demo name",
          "language_id": "1"
        }
      ]
    }
  ],
  "product_option": [
    {
      "type": "radio",
      "option_id": "11",
      "required": "1",
      "product_option_value": [
        {
          "price": "10.00",
          "price_prefix": "+",
          "subtract": "1",
          "points": "0",
          "points_prefix": "+",
          "weight": "0",
          "weight_prefix": "+",
          "option_value_id": "46",
          "quantity": "0"
        }
      ]
    }
  ]
}</con:request><con:originalUri>http://rest-api.upskills.in/api/rest_admin/products</con:originalUri><con:credentials><con:authType>No Authorization</con:authType></con:credentials><con:jmsConfig JMSDeliveryMode="PERSISTENT"/><con:jmsPropertyConfig/><con:parameters/></con:request></con:method></con:resource></con:interface><con:interface xsi:type="con:RestService" id="6ad970d6-76db-4fd2-832b-fc53692bea93" wadlVersion="http://wadl.dev.java.net/2009/02" name="http://rest-api.upskills.in" type="rest" xmlns:xsi="http://www.w3.org/2001/XMLSchema-instance"><con:settings/><con:definitionCache type="TEXT" rootPart=""/><con:endpoints><con:endpoint>http://rest-api.upskills.in</con:endpoint></con:endpoints><con:resource name="User" path="/api/rest_admin/user" id="aabb2195-f806-4ea1-ba0e-f7b8f13e4c79"><con:settings/><con:parameters/><con:method name="Userdetails" id="5623a66b-ac3d-4e53-aa7d-09d7a19bbe4a" method="GET"><con:settings/><con:parameters/><con:representation type="FAULT"><con:mediaType>application/json; charset=utf-8</con:mediaType><con:status>401</con:status><con:params/><con:element xmlns:user="http://rest-api.upskills.in/api/rest_admin/user">user:Fault</con:element></con:representation><con:representation type="RESPONSE"><con:mediaType>application/json; charset=utf-8</con:mediaType><con:status>200</con:status><con:params/><con:element xmlns:user="http://rest-api.upskills.in/api/rest_admin/user">user:Response</con:element></con:representation><con:request name="UserDetails" id="700e471f-c196-4294-93ad-fa472e8ea6d9" mediaType="application/json"><con:settings><con:setting id="com.eviware.soapui.impl.wsdl.WsdlRequest@request-headers">&lt;entry key="Authorization" value="bearer d216143cfed85ddc07728215ef1c306a78a43086" xmlns="http://eviware.com/soapui/config"/></con:setting></con:settings><con:endpoint>http://rest-api.upskills.in</con:endpoint><con:request/><con:originalUri>http://rest-api.upskills.in/api/rest_admin/user</con:originalUri><con:credentials><con:authType>No Authorization</con:authType></con:credentials><con:jmsConfig JMSDeliveryMode="PERSISTENT"/><con:jmsPropertyConfig/><con:parameters/></con:request></con:method></con:resource></con:interface><con:interface xsi:type="con:RestService" id="55b63212-24f3-434e-b251-9bb69b728208" wadlVersion="http://wadl.dev.java.net/2009/02" name="http://rest-api.upskills.in" type="rest" xmlns:xsi="http://www.w3.org/2001/XMLSchema-instance"><con:settings/><con:definitionCache type="TEXT" rootPart=""/><con:endpoints><con:endpoint>http://rest-api.upskills.in</con:endpoint></con:endpoints><con:resource name="Customers" path="/api/rest_admin/customers" id="9643f5c1-87e1-41dd-8785-340194ea406b"><con:settings/><con:parameters/><con:method name="Customers" id="9f7793bc-f086-48af-b363-1c8f942c85ec" method="POST"><con:settings/><con:parameters/><con:representation type="FAULT"><con:mediaType>application/json; charset=utf-8</con:mediaType><con:status>401 400</con:status><con:params/><con:element xmlns:cus="http://rest-api.upskills.in/api/rest_admin/customers">cus:Fault</con:element></con:representation><con:representation type="REQUEST"><con:mediaType>application/json</con:mediaType><con:params/></con:representation><con:representation type="RESPONSE"><con:mediaType>application/json; charset=utf-8</con:mediaType><con:status>200</con:status><con:params/><con:element xmlns:cus="http://rest-api.upskills.in/api/rest_admin/customers">cus:Response</con:element></con:representation><con:request name="CreateCustomer" id="4eebb781-c7db-4b8f-a694-870dd48a89c0" mediaType="application/json" postQueryString="false"><con:settings><con:setting id="com.eviware.soapui.impl.wsdl.WsdlRequest@request-headers">&lt;xml-fragment/></con:setting></con:settings><con:endpoint>http://rest-api.upskills.in</con:endpoint><con:request>{
"firstname": "Demo",
"lastname": "User01",
"email": "demouser01sudi1@gmail.com",
"password": "password",
"confirm": "password", 
"telephone": "1-541-754-3010"
}</con:request><con:originalUri>http://rest-api.upskills.in/api/rest_admin/customers</con:originalUri><con:credentials><con:authType>No Authorization</con:authType></con:credentials><con:jmsConfig JMSDeliveryMode="PERSISTENT"/><con:jmsPropertyConfig/><con:parameters/></con:request></con:method></con:resource></con:interface><con:interface xsi:type="con:RestService" id="ae31307a-655a-47db-9e63-29bacab7c180" wadlVersion="http://wadl.dev.java.net/2009/02" name="http://rest-api.upskills.in" type="rest" xmlns:xsi="http://www.w3.org/2001/XMLSchema-instance"><con:settings/><con:definitionCache type="TEXT" rootPart=""/><con:endpoints><con:endpoint>http://rest-api.upskills.in</con:endpoint></con:endpoints><con:resource name="Orderadmin" path="/api/rest_admin/orderadmin" id="5ecbb8ba-7a54-40d6-959b-cf036a235b1f"><con:settings/><con:parameters/><con:method name="Order" id="07c46fbb-bff3-41d1-8088-90b87549e4ff" method="POST"><con:settings/><con:parameters/><con:representation type="RESPONSE"><con:mediaType>application/json; charset=utf-8</con:mediaType><con:status>200</con:status><con:params/><con:element xmlns:ord="http://rest-api.upskills.in/api/rest_admin/orderadmin">ord:Response</con:element></con:representation><con:representation type="REQUEST"><con:mediaType>application/json</con:mediaType><con:params/></con:representation><con:representation type="FAULT"><con:mediaType>application/json; charset=utf-8</con:mediaType><con:status>400 401</con:status><con:params/><con:element xmlns:ord="http://rest-api.upskills.in/api/rest_admin/orderadmin">ord:Fault</con:element></con:representation><con:request name="CreateOrder" id="75517ee1-affe-4ae8-8aed-e15c36143dde" mediaType="application/json" postQueryString="false"><con:settings><con:setting id="com.eviware.soapui.impl.wsdl.WsdlRequest@request-headers">&lt;entry key="Authorization" value="bearer 8ab02bc731685574b95d4bf06e18cc091795f8ce" xmlns="http://eviware.com/soapui/config"/></con:setting></con:settings><con:endpoint>http://rest-api.upskills.in</con:endpoint><con:request>{
  "store_id": "0",
  "comment": "",
  "affiliate_id": "",
  "tracking": "",
  "voucher": "demo-0000",
  "coupon": "1111",
  "products": [
    {
      "product_id": "2290",
      "quantity": "2",
      "option": {
        "227": "17"
      }
    }
  ],
  "shipping_method": {
    "title": "Flat Shipping Rate",
    "code": "flat.flat"
  },
  "payment_method": {
    "title": "Cash OnDelivery",
    "code": "cod"
  },
  "payment_address": {
    "firstname": "Demo",
    "lastname": "Demo",
    "city": "Demo",
    "address_1": "Demo",
    "country_id": "81",
    "postcode": "3333",
    "zone_id": "1256",
    "zone": "Berlin",
    "address_2": "",
    "country": "Germany"
  },
  "shipping_address": {
    "firstname": "Demo",
    "lastname": "Demo",
    "city": "Demo",
    "address_1": "Demo",
    "country_id": "81",
    "postcode": "22222",
    "zone_id": "1256",
    "address_2": "",
    "zone": "Berlin",
    "country": "Germany"
  },
  "customer": {
    "firstname": "Demo",
    "lastname": "User",
    "email": "nash1@vipmail..hu",
    "telephone": "1-541-754-3010",
    "fax": "1-541-754-3010",
    "customer_id": "1",
    "customer_group_id": "1"
  }
}</con:request><con:originalUri>http://rest-api.upskills.in/api/rest_admin/orderadmin</con:originalUri><con:credentials><con:authType>No Authorization</con:authType></con:credentials><con:jmsConfig JMSDeliveryMode="PERSISTENT"/><con:jmsPropertyConfig/><con:parameters/></con:request></con:method></con:resource></con:interface><con:testSuite id="7ca4041c-fbcc-45c2-9d5b-cf82bb8826d1" name="FunctionalTesting"><con:settings/><con:runType>SEQUENTIAL</con:runType><con:testCase id="16e2943a-e711-4a1f-90bd-4ccfcefabb5f" failOnError="true" failTestCaseOnErrors="true" keepSession="false" maxResults="0" name="GetAccessToken" searchProperties="true"><con:settings/><con:testStep type="restrequest" name="GetAccessToken" id="2e94c75a-a91d-4d95-924d-6b2c7d69e379"><con:settings/><con:config service="http://rest-api.upskills.in" resourcePath="/api/rest_admin/oauth2/token/client_credentials" methodName="Client_credentials" xsi:type="con:RestRequestStep" xmlns:xsi="http://www.w3.org/2001/XMLSchema-instance"><con:restRequest name="GetAccessToken" id="5cb3037b-9816-4c35-a8ca-baf83d3a8646" mediaType="application/json" postQueryString="false"><con:settings><con:setting id="com.eviware.soapui.impl.wsdl.WsdlRequest@request-headers">&lt;entry key="Authorization" value="Basic dXBza2lsbHNfcmVzdF9hZG1pbl9vYXV0aF9jbGllbnQ6dXBza2lsbHNfcmVzdF9hZG1pbl9vYXV0aF9zZWNyZXQ=" xmlns="http://eviware.com/soapui/config"/></con:setting></con:settings><con:endpoint>http://rest-api.upskills.in</con:endpoint><con:request/><con:originalUri>http://rest-api.upskills.in/api/rest_admin/oauth2/token/client_credentials</con:originalUri><con:assertion type="Valid HTTP Status Codes" id="2a35673e-3580-4293-98de-14cacdeddf46" name="Valid HTTP Status Codes"><con:configuration><codes>200</codes></con:configuration></con:assertion><con:assertion type="GroovyScriptAssertion" id="b31b6c03-455a-4d41-bfbe-5b2146eb9967" name="Script Assertion"><con:configuration><scriptText>import groovy.json.JsonSlurper

def response = messageExchange.response.responseContent

def holder = new JsonSlurper().parseText(response)

def accesstoken = holder.data.access_token

log.info accesstoken
context.testCase.setPropertyValue('accesstoken',accesstoken)
context.testCase.testSuite.setPropertyValue('accesstoken',accesstoken)

</scriptText></con:configuration></con:assertion><con:credentials><con:authType>No Authorization</con:authType></con:credentials><con:jmsConfig JMSDeliveryMode="PERSISTENT"/><con:jmsPropertyConfig/><con:parameters><entry key="grant_type" value="client_credentials" xmlns="http://eviware.com/soapui/config"/></con:parameters><con:parameterOrder><con:entry>grant_type</con:entry></con:parameterOrder></con:restRequest></con:config></con:testStep><con:properties><con:property><con:name>accesstoken</con:name><con:value>0204c3a08f45033c6e7b330cf9414597ce020d29</con:value></con:property></con:properties></con:testCase><con:testCase id="03714c66-e5a4-49b5-bd29-0362663b494f" failOnError="true" failTestCaseOnErrors="true" keepSession="false" maxResults="0" name="Login" searchProperties="true"><con:settings/><con:testStep type="groovy" name="GetDatafromExcel" id="58a385c6-5628-4d6e-99a6-d666826de7fb"><con:settings/><con:config><script>import jxl.*;
import java.io.*;
def file = new File("C:\\Users\\SudiptaSenSarma\\Desktop\\RestProject\\UserCredential.xls")

def workbook = Workbook.getWorkbook(file)
def sheet = workbook.getSheet(0)

def col = sheet.getRows()

//for (def i =0; i&lt;col; i++)
//{
	//i want to store the first row in a variable
	def username = sheet.getCell(0,1)
	log.info "username is " +username.getContents()
	//context.testCase.testSuite.setPropertyvalue("username",username)
	context.testCase.testSuite.setPropertyValue('username',username.getContents())
	def password = sheet.getCell(1,1)
	context.testCase.testSuite.setPropertyValue('password',password.getContents())
	//def get = new URL("http://rest-api.upskills.in/api/rest_admin/customers/"+c.getContents()).openConnection();
	//get.setRequestProperty("Authorization","bearer "+accesstoken)

	//def getRC = get.getResponseCode();
	//log.info "The response code is "+getRC

	//if(getRC.equals(200))
//	{
//		log.info get.getInputStream().getText();
//	}
//	else
//	{
//		log.info "something not working"
//	}
//}
</script></con:config></con:testStep><con:testStep type="restrequest" name="Login" id="907e3b8f-efad-4662-918d-ac388f5be2f5"><con:settings/><con:config service="http://rest-api.upskills.in" resourcePath="/api/rest_admin/login" methodName="Login" xsi:type="con:RestRequestStep" xmlns:xsi="http://www.w3.org/2001/XMLSchema-instance"><con:restRequest name="Login" id="7778914f-f6a2-4991-8aaf-fdc7e7f86952" mediaType="application/json" postQueryString="false"><con:settings><con:setting id="com.eviware.soapui.impl.wsdl.WsdlRequest@request-headers">&lt;entry key="Authorization" value="bearer ${#TestSuite#accesstoken}" xmlns="http://eviware.com/soapui/config"/></con:setting></con:settings><con:endpoint>http://rest-api.upskills.in</con:endpoint><con:request>{
  "username": "${#TestSuite#username}",
  "password": "${#TestSuite#password}"
}</con:request><con:originalUri>http://rest-api.upskills.in/api/rest_admin/login</con:originalUri><con:assertion type="Valid HTTP Status Codes" id="ee7d2399-48fa-4db3-8656-96e96a7a6e57" name="Valid HTTP Status Codes"><con:configuration><codes>200</codes></con:configuration></con:assertion><con:credentials><con:authType>No Authorization</con:authType></con:credentials><con:jmsConfig JMSDeliveryMode="PERSISTENT"/><con:jmsPropertyConfig/><con:parameters/></con:restRequest></con:config></con:testStep><con:testStep type="restrequest" name="GetUserAccDetails" id="c3dbcf16-7576-4834-bb76-6d4f7e64ff14"><con:settings/><con:config service="http://rest-api.upskills.in" resourcePath="/api/rest_admin/user" methodName="Userdetails" xsi:type="con:RestRequestStep" xmlns:xsi="http://www.w3.org/2001/XMLSchema-instance"><con:restRequest name="GetUserAccDetails" id="700e471f-c196-4294-93ad-fa472e8ea6d9" mediaType="application/json"><con:settings><con:setting id="com.eviware.soapui.impl.wsdl.WsdlRequest@request-headers">&lt;entry key="Authorization" value="bearer ${#TestSuite#accesstoken}" xmlns="http://eviware.com/soapui/config"/></con:setting></con:settings><con:endpoint>http://rest-api.upskills.in</con:endpoint><con:request/><con:originalUri>http://rest-api.upskills.in/api/rest_admin/user</con:originalUri><con:assertion type="Valid HTTP Status Codes" id="0a5861a8-c60b-4648-b7b4-95ce96934e78" name="Valid HTTP Status Codes"><con:configuration><codes>200</codes></con:configuration></con:assertion><con:assertion type="GroovyScriptAssertion" id="8cd5eca3-8531-46c9-95bb-496a282ef114" name="Script Assertion"><con:configuration><scriptText>import groovy.json.JsonSlurper

def response = messageExchange.response.responseContent

def holder = new JsonSlurper().parseText(response)

def username = holder.data.username

log.info username</scriptText></con:configuration></con:assertion><con:credentials><con:authType>No Authorization</con:authType></con:credentials><con:jmsConfig JMSDeliveryMode="PERSISTENT"/><con:jmsPropertyConfig/><con:parameters/></con:restRequest></con:config></con:testStep><con:testStep type="restrequest" name="Logout" id="18d81810-402a-4b93-86bf-127ab073082a" disabled="true"><con:settings/><con:config service="http://rest-api.upskills.in" resourcePath="/api/rest_admin/logout" methodName="Logout" xsi:type="con:RestRequestStep" xmlns:xsi="http://www.w3.org/2001/XMLSchema-instance"><con:restRequest name="Logout" id="fad26197-f8aa-41e8-b482-af74af78c143" mediaType="application/json" postQueryString="false"><con:settings><con:setting id="com.eviware.soapui.impl.wsdl.WsdlRequest@request-headers">&lt;entry key="Authorization" value="bearer ${#TestSuite#accesstoken}" xmlns="http://eviware.com/soapui/config"/></con:setting></con:settings><con:endpoint>http://rest-api.upskills.in</con:endpoint><con:request/><con:originalUri>http://rest-api.upskills.in/api/rest_admin/logout</con:originalUri><con:assertion type="Valid HTTP Status Codes" id="0af13295-ee5c-473d-a199-14f4433591ed" name="Valid HTTP Status Codes"><con:configuration><codes>200</codes></con:configuration></con:assertion><con:credentials><con:authType>No Authorization</con:authType></con:credentials><con:jmsConfig JMSDeliveryMode="PERSISTENT"/><con:jmsPropertyConfig/><con:parameters/></con:restRequest></con:config></con:testStep><con:properties/></con:testCase><con:testCase id="a8dbf104-5cea-4c46-bbd6-6507b9fd5a46" failOnError="true" failTestCaseOnErrors="true" keepSession="false" maxResults="0" name="Product" searchProperties="true"><con:settings/><con:testStep type="restrequest" name="AddProductCategory" id="ddfd8be1-89e3-4335-bf4c-db432d6b7dc5"><con:settings/><con:config service="http://rest-api.upskills.in" resourcePath="/api/rest_admin/categories" methodName="AddProductCategories" xsi:type="con:RestRequestStep" xmlns:xsi="http://www.w3.org/2001/XMLSchema-instance"><con:restRequest name="AddProductCategory" id="508434fd-8412-41ea-b46d-cc0eae35ffb8" mediaType="application/json" postQueryString="false"><con:settings><con:setting id="com.eviware.soapui.impl.wsdl.WsdlRequest@request-headers">&lt;entry key="Authorization" value="bearer ${#TestSuite#accesstoken}" xmlns="http://eviware.com/soapui/config"/></con:setting></con:settings><con:endpoint>http://rest-api.upskills.in</con:endpoint><con:request>{
"category_description": [
    {
      "name": "Computers &amp; Accessories",
      "meta_title": "Computers &amp; Accessories",
      "description": "Description of the Computers &amp; Accessories"
    }
  ]
}</con:request><con:originalUri>http://rest-api.upskills.in/api/rest_admin/categories</con:originalUri><con:assertion type="Valid HTTP Status Codes" id="8ccb90e7-b763-496a-b5da-94164bcb4eea" name="Valid HTTP Status Codes"><con:configuration><codes>200</codes></con:configuration></con:assertion><con:assertion type="GroovyScriptAssertion" id="d66bf838-b9f2-4fb6-ab89-beffd8c36886" name="Script Assertion"><con:configuration><scriptText>import groovy.json.JsonSlurper

def response = messageExchange.response.responseContent

def holder = new JsonSlurper().parseText(response)

def id = holder.data.id.toString()
log.info id
context.testCase.testSuite.setPropertyValue('parent_id',id)
//context.testCase.testSuite.setPropertyValue('accesstoken',accesstoken)




</scriptText></con:configuration></con:assertion><con:credentials><con:authType>No Authorization</con:authType></con:credentials><con:jmsConfig JMSDeliveryMode="PERSISTENT"/><con:jmsPropertyConfig/><con:parameters/></con:restRequest></con:config></con:testStep><con:testStep type="restrequest" name="AddSubCategory" id="21464943-68e2-4fc5-92a6-93780574efd3"><con:settings/><con:config service="http://rest-api.upskills.in" resourcePath="/api/rest_admin/categories" methodName="AddProductSubCategory" xsi:type="con:RestRequestStep" xmlns:xsi="http://www.w3.org/2001/XMLSchema-instance"><con:restRequest name="AddSubCategory" id="69710b91-51c0-43ef-8ac9-9b99dba5e8a3" mediaType="application/json" postQueryString="false"><con:settings><con:setting id="com.eviware.soapui.impl.wsdl.WsdlRequest@request-headers">&lt;entry key="Authorization" value="bearer ${#TestSuite#accesstoken}" xmlns="http://eviware.com/soapui/config"/></con:setting></con:settings><con:endpoint>http://rest-api.upskills.in</con:endpoint><con:request>{
"parent_id": ${#TestSuite#parent_id},
"category_description": [
        {
      "name": "Laptops",
      "meta_title": "Laptops",
      "description": "Description of the Laptops"
    }
  ]
}</con:request><con:originalUri>http://rest-api.upskills.in/api/rest_admin/categories</con:originalUri><con:assertion type="Valid HTTP Status Codes" id="74588e8a-5b84-4e1f-8c5c-27542aa0331c" name="Valid HTTP Status Codes"><con:configuration><codes>200</codes></con:configuration></con:assertion><con:assertion type="GroovyScriptAssertion" id="8fc00af0-4e26-4d83-8018-a7add95c407d" name="Script Assertion"><con:configuration><scriptText>import groovy.json.JsonSlurper

def response = messageExchange.response.responseContent

def holder = new JsonSlurper().parseText(response)

def id = holder.data.id.toString()
log.info id
context.testCase.testSuite.setPropertyValue('subcategory_id',id)
//context.testCase.testSuite.setPropertyValue('accesstoken',accesstoken)




</scriptText></con:configuration></con:assertion><con:credentials><con:authType>No Authorization</con:authType></con:credentials><con:jmsConfig JMSDeliveryMode="PERSISTENT"/><con:jmsPropertyConfig/><con:parameters/></con:restRequest></con:config></con:testStep><con:properties/></con:testCase><con:testCase id="e7ff31ab-41b6-4a88-96b1-916b86ed4769" failOnError="true" failTestCaseOnErrors="true" keepSession="false" maxResults="0" name="CustomerOrder" searchProperties="true"><con:settings/><con:testStep type="groovy" name="GetDatafromExcel" id="693d10de-dd77-4e81-aafa-9a1763c60e4f" disabled="true"><con:settings/><con:config><script>import jxl.*;
import java.io.*;
def file = new File("C:\\Users\\SudiptaSenSarma\\Desktop\\RestProject\\CustomerOrder.xls")

def workbook = Workbook.getWorkbook(file)
def sheet = workbook.getSheet(0)

def row = sheet.getRows()

for (def i =1; i&lt;row; i++)
{
	//i want to store the first row in a variable
	def firstname = sheet.getCell(0,i)
	context.testCase.setPropertyValue('firstname',firstname.getContents())
	def lastname = sheet.getCell(1,i)
	context.testCase.setPropertyValue('lastname',lastname.getContents())
	def email = sheet.getCell(2,i)
	context.testCase.setPropertyValue('email',email.getContents())
	def password = sheet.getCell(3,i)
	context.testCase.setPropertyValue('password',password.getContents())
	def telephone = sheet.getCell(0,i)
	context.testCase.setPropertyValue('telephone',telephone.getContents())
}	
	//def get = new URL("http://rest-api.upskills.in/api/rest_admin/customers/"+c.getContents()).openConnection();
	//get.setRequestProperty("Authorization","bearer "+accesstoken)

	//def getRC = get.getResponseCode();
	//log.info "The response code is "+getRC

	//if(getRC.equals(200))
//	{
//		log.info get.getInputStream().getText();
//	}
//	else
//	{
//		log.info "something not working"
//	}
//}
</script></con:config></con:testStep><con:testStep type="restrequest" name="AddCustomer" id="b92db7b6-8e20-46e6-98fb-9ec39cb82fe9" disabled="true"><con:settings/><con:config service="http://rest-api.upskills.in" resourcePath="/api/rest_admin/customers" methodName="Customers" xsi:type="con:RestRequestStep" xmlns:xsi="http://www.w3.org/2001/XMLSchema-instance"><con:restRequest name="AddCustomer" id="4eebb781-c7db-4b8f-a694-870dd48a89c0" mediaType="application/json" postQueryString="false"><con:settings><con:setting id="com.eviware.soapui.impl.wsdl.WsdlRequest@request-headers">&lt;entry key="Authorization" value="bearer ${#TestSuite#accesstoken}" xmlns="http://eviware.com/soapui/config"/></con:setting></con:settings><con:endpoint>http://rest-api.upskills.in</con:endpoint><con:request>{
"firstname": "${#TestCase#firstname}",
"lastname": "${#TestCase#lastname}",
"email": "${#TestCase#email}",
"password": "${#TestCase#password}",
"confirm": "${#TestCase#password}", 
"telephone": "${#TestCase#telephone}"
}</con:request><con:originalUri>http://rest-api.upskills.in/api/rest_admin/customers</con:originalUri><con:assertion type="Valid HTTP Status Codes" id="001f0f6e-ff9c-466f-81de-8242c0c8ab89" name="Valid HTTP Status Codes"><con:configuration><codes>200</codes></con:configuration></con:assertion><con:assertion type="GroovyScriptAssertion" id="59b14601-f941-4584-aa46-e48793f560ea" name="Script Assertion"><con:configuration><scriptText>import groovy.json.JsonSlurper

def response = messageExchange.response.responseContent

def holder = new JsonSlurper().parseText(response)

def customerid = holder.data.id.toString()

log.info customerid

context.testCase.testSuite.setPropertyValue("customer_id",customerid)</scriptText></con:configuration></con:assertion><con:credentials><con:authType>No Authorization</con:authType></con:credentials><con:jmsConfig JMSDeliveryMode="PERSISTENT"/><con:jmsPropertyConfig/><con:parameters/></con:restRequest></con:config></con:testStep><con:testStep type="restrequest" name="CreateOrder" id="daa2e61f-24e4-49c3-9578-c3fee60f2c21"><con:settings/><con:config service="http://rest-api.upskills.in" resourcePath="/api/rest_admin/orderadmin" methodName="Order" xsi:type="con:RestRequestStep" xmlns:xsi="http://www.w3.org/2001/XMLSchema-instance"><con:restRequest name="CreateOrder" id="75517ee1-affe-4ae8-8aed-e15c36143dde" mediaType="application/json" postQueryString="false"><con:settings><con:setting id="com.eviware.soapui.impl.wsdl.WsdlRequest@request-headers">&lt;entry key="Authorization" value="bearer ${#TestSuite#accesstoken}" xmlns="http://eviware.com/soapui/config"/></con:setting></con:settings><con:endpoint>http://rest-api.upskills.in</con:endpoint><con:request>{
  "store_id": "0",
  "comment": "",
  "affiliate_id": "",
  "tracking": "",
  "voucher": "demo-0000",
  "coupon": "1111",
  "products": [
    {
      "product_id": "2290",
      "quantity": "2",
      "option": {
        "227": "17"
      }
    }
  ],
  "shipping_method": {
    "title": "Flat Shipping Rate",
    "code": "flat.flat"
  },
  "payment_method": {
    "title": "Cash OnDelivery",
    "code": "cod"
  },
  "payment_address": {
    "firstname": "Demo",
    "lastname": "Demo",
    "city": "Demo",
    "address_1": "Demo",
    "country_id": "81",
    "postcode": "3333",
    "zone_id": "1256",
    "zone": "Berlin",
    "address_2": "",
    "country": "Germany"
  },
  "shipping_address": {
    "firstname": "Demo",
    "lastname": "Demo",
    "city": "Demo",
    "address_1": "Demo",
    "country_id": "81",
    "postcode": "22222",
    "zone_id": "1256",
    "address_2": "",
    "zone": "Berlin",
    "country": "Germany"
  },
  "customer": {
    "firstname": "${#TestCase#firstname}",
    "lastname": "${#TestCase#lastname}",
    "email": "${#TestCase#email}",
    "telephone": "${#TestCase#telephone}",
    "fax": "1-541-754-3010",
    "customer_id": "${#TestSuite#customer_id}",
    "customer_group_id": "1"
  }
}</con:request><con:originalUri>http://rest-api.upskills.in/api/rest_admin/orderadmin</con:originalUri><con:assertion type="Valid HTTP Status Codes" id="3a7c4745-cc52-4270-9399-cab2bb67af22" name="Valid HTTP Status Codes"><con:configuration><codes>200</codes></con:configuration></con:assertion><con:assertion type="GroovyScriptAssertion" id="9039a18a-bff7-440d-a04a-3d93828c714e" name="Script Assertion" disabled="true"><con:configuration><scriptText>import jxl.*;
import java.io.*;
//def file = new File("C:\\Users\\SudiptaSenSarma\\Desktop\\RestProject\\CustomerOrder.xls")
import jxl.write.*
import groovy.json.JsonSlurper

def response = messageExchange.response.responseContent

def holder = new JsonSlurper().parseText(response)

def orderid = holder.data.id

Workbook workbook = Workbook.getWorkbook(new File("C:\\Users\\SudiptaSenSarma\\Desktop\\RestProject\\CustomerOrder.xls"));
WritableWorkbook copy = Workbook.createWorkbook(new File("C:\\Users\\SudiptaSenSarma\\Desktop\\RestProject\\CustomerOrder.xls"), workbook);

//Sheet sheet1 = copy.getSheet(0);
WritableSheet sheet2 = copy.getSheet(0);
CL = 5;
rows = sheet1.getRows();
for( tc_row in 1..rows-1)
for (def i =1; i&lt;row; i++)
{
//WritableCell orderid = sheet1.getCell(CL,i);
//String s1 = orderid.getContents();
Label label = new Label(CL,i,orderid);
sheet2.addCell(label);

}
copy.write();
copy.close();
workbook.close();

</scriptText></con:configuration></con:assertion><con:credentials><con:authType>No Authorization</con:authType></con:credentials><con:jmsConfig JMSDeliveryMode="PERSISTENT"/><con:jmsPropertyConfig/><con:parameters/></con:restRequest></con:config></con:testStep><con:properties><con:property><con:name>firstname</con:name><con:value>sudipta</con:value></con:property><con:property><con:name>lastname</con:name><con:value>sensarma</con:value></con:property><con:property><con:name>email</con:name><con:value>sudisen1@gmail.com</con:value></con:property><con:property><con:name>password</con:name><con:value>abcd123</con:value></con:property><con:property><con:name>telephone</con:name><con:value>sudipta</con:value></con:property></con:properties></con:testCase><con:properties><con:property><con:name>accesstoken</con:name><con:value>0204c3a08f45033c6e7b330cf9414597ce020d29</con:value></con:property><con:property><con:name>username</con:name><con:value>upskills_admin</con:value></con:property><con:property><con:name>password</con:name><con:value>Talent4$$</con:value></con:property><con:property><con:name>parent_id</con:name><con:value>2318</con:value></con:property><con:property><con:name>subcategory_id</con:name><con:value>2319</con:value></con:property><con:property><con:name>customer_id</con:name><con:value>3794</con:value></con:property></con:properties></con:testSuite><con:properties/><con:wssContainer/><con:oAuth2ProfileContainer/><con:oAuth1ProfileContainer/><con:sensitiveInformation/></con:soapui-project>